{"N":10,"D":2,"b":-5.551115123125783e-17,"kernelType":"linear","w":[0.9964565442244444,0.3337458232668001]}