{"N":10,"D":2,"b":1.3877787807814457e-17,"kernelType":"linear","w":[1.0023557877254017,0.33382688145813333]}